Num,From_UserID,To_UserID
1,yheo84,kjd0118
2,yheo84,GetZilla
3,yheo84,Nacho_
4,yheo84,St4ck
5,yheo84,K-miK_10101
6,yheo84,BirkinBH
7,yheo84,_Shino
8,yheo84,3lfx
9,yheo84,para
10,yheo84,The_Funya
11,yheo84,alexander
12,v___o,0605jang
13,v___o,St4ck
14,v___o,fougerebzh
15,v___o,mesh4889
16,v___o,DoomedAnd
17,v___o,epicatwas
18,BBANGYO,Jjpocket01
19,BBANGYO,K-miK_10101
20,BBANGYO,BirkinBH
21,BBANGYO,DoomedAnd
22,BBANGYO,para
23,BBANGYO,The_Funya
24,BBANGYO,epicatwas
25,BBANGYO,neuronio
26,Jjpocket01,kjd0118
27,Jjpocket01,ZipThunder
28,Jjpocket01,0605jang
29,Jjpocket01,St4ck
30,Jjpocket01,Heramant
31,Jjpocket01,strykery
32,Jjpocket01,BirkinBH
33,Jjpocket01,DoomedAnd
34,Jjpocket01,epicatwas
35,Jjpocket01,CPONTO
36,kjd0118,yheo84
37,kjd0118,BBANGYO
38,kjd0118,0605jang
39,kjd0118,NotRealRain
40,kjd0118,St4ck
41,kjd0118,K-miK_10101
42,kjd0118,DoomedAnd
43,kjd0118,orionc
44,kjd0118,The_Funya
45,GetZilla,v___o
46,GetZilla,kjd0118
47,GetZilla,NotRealRain
48,GetZilla,St4ck
49,GetZilla,Nivq
50,GetZilla,K-miK_10101
51,GetZilla,mesh4889
52,GetZilla,strykery
53,GetZilla,orionc
54,GetZilla,epicatwas
55,ZipThunder,RenaUSA
56,ZipThunder,Heramant
57,ZipThunder,K-miK_10101
58,ZipThunder,epicatwas
59,ZipThunder,CPONTO
60,ZipThunder,neuronio
61,0605jang,BBANGYO
62,0605jang,GetZilla
63,0605jang,NotRealRain
64,0605jang,St4ck
65,0605jang,K-miK_10101
66,0605jang,fougerebzh
67,0605jang,3lfx
68,0605jang,para
69,NotRealRain,yheo84
70,NotRealRain,BBANGYO
71,NotRealRain,GetZilla
72,NotRealRain,ZipThunder
73,NotRealRain,0605jang
74,NotRealRain,St4ck
75,NotRealRain,Nivq
76,NotRealRain,fougerebzh
77,NotRealRain,BirkinBH
78,Nacho_,BBANGYO
79,Nacho_,GetZilla
80,Nacho_,ZipThunder
81,Nacho_,NotRealRain
82,Nacho_,RenaUSA
83,Nacho_,fougerebzh
84,Nacho_,mesh4889
85,Nacho_,_Shino
86,Nacho_,DoomedAnd
87,Nacho_,3lfx
88,Nacho_,epicatwas
89,Nacho_,THEBEST28
90,St4ck,yheo84
91,St4ck,v___o
92,St4ck,Nivq
93,St4ck,Heramant
94,St4ck,fougerebzh
95,St4ck,mesh4889
96,St4ck,BirkinBH
97,St4ck,The_Funya
98,St4ck,CPONTO
99,St4ck,THEBEST28
100,St4ck,neuronio
101,St4ck,alexander
102,RenaUSA,yheo84
103,RenaUSA,BBANGYO
104,RenaUSA,Jjpocket01
105,RenaUSA,GetZilla
106,RenaUSA,ZipThunder
107,RenaUSA,0605jang
108,RenaUSA,Nivq
109,RenaUSA,mesh4889
110,RenaUSA,strykery
111,RenaUSA,BirkinBH
112,RenaUSA,3lfx
113,RenaUSA,para
114,Nivq,BBANGYO
115,Nivq,Jjpocket01
116,Nivq,GetZilla
117,Nivq,ZipThunder
118,Nivq,Nacho_
119,Nivq,Heramant
120,Nivq,fougerebzh
121,Nivq,BirkinBH
122,Nivq,DoomedAnd
123,Nivq,3lfx
124,Nivq,orionc
125,Nivq,CPONTO
126,Nivq,neuronio
127,Nivq,alexander
128,Heramant,ZipThunder
129,Heramant,Nivq
130,Heramant,mesh4889
131,Heramant,alexander
132,K-miK_10101,yheo84
133,K-miK_10101,v___o
134,K-miK_10101,Jjpocket01
135,K-miK_10101,ZipThunder
136,K-miK_10101,St4ck
137,K-miK_10101,fougerebzh
138,K-miK_10101,mesh4889
139,K-miK_10101,_Shino
140,K-miK_10101,DoomedAnd
141,K-miK_10101,3lfx
142,K-miK_10101,neuronio
143,fougerebzh,v___o
144,fougerebzh,NotRealRain
145,fougerebzh,Nacho_
146,fougerebzh,Heramant
147,fougerebzh,epicatwas
148,fougerebzh,THEBEST28
149,mesh4889,Jjpocket01
150,mesh4889,kjd0118
151,mesh4889,0605jang
152,mesh4889,Nacho_
153,mesh4889,Nivq
154,mesh4889,K-miK_10101
155,mesh4889,fougerebzh
156,mesh4889,_Shino
157,mesh4889,DoomedAnd
158,mesh4889,para
159,mesh4889,CPONTO
160,mesh4889,THEBEST28
161,mesh4889,neuronio
162,mesh4889,alexander
163,strykery,yheo84
164,strykery,v___o
165,strykery,BBANGYO
166,strykery,kjd0118
167,strykery,GetZilla
168,strykery,0605jang
169,strykery,NotRealRain
170,strykery,St4ck
171,strykery,K-miK_10101
172,strykery,_Shino
173,strykery,The_Funya
174,strykery,CPONTO
175,strykery,neuronio
176,strykery,alexander
177,BirkinBH,yheo84
178,BirkinBH,Jjpocket01
179,BirkinBH,kjd0118
180,BirkinBH,0605jang
181,BirkinBH,Nivq
182,BirkinBH,Heramant
183,BirkinBH,K-miK_10101
184,BirkinBH,mesh4889
185,BirkinBH,3lfx
186,BirkinBH,epicatwas
187,BirkinBH,CPONTO
188,_Shino,BBANGYO
189,_Shino,kjd0118
190,_Shino,GetZilla
191,_Shino,NotRealRain
192,_Shino,K-miK_10101
193,_Shino,fougerebzh
194,_Shino,mesh4889
195,_Shino,strykery
196,_Shino,BirkinBH
197,_Shino,neuronio
198,DoomedAnd,v___o
199,DoomedAnd,Jjpocket01
200,DoomedAnd,GetZilla
201,DoomedAnd,ZipThunder
202,DoomedAnd,NotRealRain
203,DoomedAnd,Nacho_
204,DoomedAnd,RenaUSA
205,DoomedAnd,fougerebzh
206,DoomedAnd,strykery
207,DoomedAnd,_Shino
208,DoomedAnd,3lfx
209,DoomedAnd,alexander
210,3lfx,BBANGYO
211,3lfx,0605jang
212,3lfx,Nacho_
213,3lfx,St4ck
214,3lfx,RenaUSA
215,3lfx,K-miK_10101
216,3lfx,BirkinBH
217,3lfx,DoomedAnd
218,3lfx,epicatwas
219,3lfx,alexander
220,para,v___o
221,para,kjd0118
222,para,NotRealRain
223,para,Nivq
224,para,Heramant
225,para,strykery
226,para,_Shino
227,para,3lfx
228,para,alexander
229,orionc,yheo84
230,orionc,kjd0118
231,orionc,0605jang
232,orionc,fougerebzh
233,orionc,mesh4889
234,orionc,para
235,orionc,The_Funya
236,orionc,CPONTO
237,The_Funya,0605jang
238,The_Funya,Nacho_
239,The_Funya,St4ck
240,The_Funya,K-miK_10101
241,The_Funya,fougerebzh
242,The_Funya,mesh4889
243,The_Funya,_Shino
244,The_Funya,DoomedAnd
245,The_Funya,3lfx
246,The_Funya,neuronio
247,epicatwas,kjd0118
248,epicatwas,ZipThunder
249,epicatwas,0605jang
250,epicatwas,Heramant
251,epicatwas,mesh4889
252,epicatwas,strykery
253,epicatwas,BirkinBH
254,epicatwas,para
255,epicatwas,The_Funya
256,epicatwas,neuronio
257,CPONTO,v___o
258,CPONTO,GetZilla
259,CPONTO,Nacho_
260,CPONTO,RenaUSA
261,CPONTO,Nivq
262,CPONTO,DoomedAnd
263,CPONTO,para
264,THEBEST28,Jjpocket01
265,THEBEST28,kjd0118
266,THEBEST28,Nacho_
267,THEBEST28,St4ck
268,THEBEST28,Heramant
269,THEBEST28,K-miK_10101
270,THEBEST28,mesh4889
271,THEBEST28,strykery
272,THEBEST28,BirkinBH
273,THEBEST28,3lfx
274,THEBEST28,The_Funya
275,THEBEST28,CPONTO
276,THEBEST28,neuronio
277,neuronio,yheo84
278,neuronio,v___o
279,neuronio,BBANGYO
280,neuronio,GetZilla
281,neuronio,NotRealRain
282,neuronio,Nacho_
283,neuronio,fougerebzh
284,neuronio,_Shino
285,neuronio,THEBEST28
286,alexander,Jjpocket01
287,alexander,GetZilla
288,alexander,0605jang
289,alexander,Nivq
290,alexander,BirkinBH
291,alexander,_Shino
292,alexander,para
293,alexander,The_Funya
294,alexander,epicatwas
295,alexander,CPONTO
296,alexander,THEBEST28
