UserID,WishList
yheo84,431960
yheo85,359550
yheo86,594570
yheo87,105600
v___o,945360
v___o,1263850
v___o,594570
v___o,550
v___o,730
v___o,252490
v___o,359550
v___o,218620
v___o,227300
v___o,271590
v___o,578080
v___o,289070
v___o,346110
v___o,105600
v___o,431960
v___o,582010
v___o,1085660
v___o,381210
BBANGYO,1085660
BBANGYO,105600
BBANGYO,252950
BBANGYO,578080
BBANGYO,945360
BBANGYO,218620
BBANGYO,359550
BBANGYO,1263850
BBANGYO,431960
BBANGYO,289070
Jjpocket01,252490
Jjpocket01,252950
Jjpocket01,730
Jjpocket01,381210
kjd0118,252950
kjd0119,550
kjd0120,4000
GetZilla,289070
ZipThunder,252950
0605jang,227300
606jang,4000
607jang,252950
NotRealRain,359550
NotRealRain,550
St4ck,346110
St4ck,359550
St4ck,1085660
St4ck,431960
St4ck,4000
St4ck,582010
St4ck,381210
St4ck,218620
St4ck,550
St4ck,105600
RenaUSA,359550
RenaUSA,431960
RenaUSA,346110
RenaUSA,218620
RenaUSA,271590
RenaUSA,227300
Nivq,431960
Nivq,730
Nivq,346110
Nivq,1085660
Heramant,578080
Heramant,4000
Heramant,594570
Heramant,1263850
Heramant,359550
Heramant,227300
Heramant,289070
Heramant,730
Heramant,945360
K-miK_10101,252950
K-miK_10101,218620
fougerebzh,550
fougerebzh,582010
fougerebzh,105600
fougerebzh,271590
mesh4889,594570
mesh4890,431960
mesh4891,578080
mesh4892,252490
mesh4893,1085660
mesh4894,271590
mesh4895,381210
mesh4896,582010
mesh4897,218620
mesh4898,346110
mesh4899,359550
mesh4900,550
mesh4901,252950
mesh4902,730
mesh4903,289070
strykery,582010
strykery,252490
strykery,252950
strykery,346110
BirkinBH,582010
BirkinBH,594570
BirkinBH,4000
BirkinBH,550
BirkinBH,252950
BirkinBH,1085660
BirkinBH,227300
BirkinBH,730
BirkinBH,252490
_Shino,945360
DoomedAnd,945360
DoomedAnd,1085660
DoomedAnd,218620
DoomedAnd,227300
3lfx,730
3lfx,1263850
3lfx,252950
3lfx,359550
3lfx,945360
3lfx,550
3lfx,431960
3lfx,4000
3lfx,1085660
3lfx,252490
3lfx,218620
3lfx,271590
3lfx,594570
3lfx,346110
3lfx,381210
3lfx,289070
3lfx,105600
3lfx,227300
3lfx,582010
para,4000
para,594570
para,582010
para,252950
para,252490
para,359550
para,227300
orionc,1263850
orionc,289070
orionc,227300
orionc,594570
orionc,4000
orionc,271590
orionc,252490
The_Funya,218620
The_Funya,582010
The_Funya,105600
The_Funya,431960
The_Funya,252950
The_Funya,381210
The_Funya,730
The_Funya,289070
The_Funya,550
The_Funya,252490
The_Funya,346110
The_Funya,1263850
CPONTO,730
CPONTO,550
CPONTO,582010
CPONTO,1085660
CPONTO,4000
CPONTO,381210
CPONTO,578080
CPONTO,1263850
CPONTO,227300
CPONTO,218620
CPONTO,945360
CPONTO,271590
THEBEST28,582010
THEBEST28,105600
THEBEST28,252950
THEBEST28,252490
THEBEST28,359550
THEBEST28,594570
neuronio,218620
neuronio,252950
neuronio,730
neuronio,431960
neuronio,289070
neuronio,252490
neuronio,582010
neuronio,227300
alexander,105600
alexander,578080
alexander,218620
alexander,289070
alexander,945360
alexander,227300
alexander,271590
alexander,1263850
alexander,252950
alexander,346110
alexander,550
alexander,594570
alexander,431960
alexander,359550
alexander,582010
alexander,1085660
